id,label,timeset,componentnumber,modularity_class,eccentricity,betweenesscentrality,harmonicclosnesscentrality,closnesscentrality,eigencentrality,pageranks
Max_Freilich,Max_Freilich,,0,0,9.0,0.04875090633445389,0.20136054421768698,0.1670201484623542,0.1406025739086388,0.013664241196041869
Kurt_Fleischer,Kurt_Fleischer,,0,0,10.0,0.004139476633049898,0.1627538422776524,0.14337733272644515,0.05513446328306734,0.003627782713380535
Otto_Fleischer,Otto_Fleischer,,0,0,10.0,0.0,0.15905013857394862,0.1431818181818182,0.03637871163726327,0.0013801910797715236
Bruno_Zacharias,Bruno_Zacharias,,0,0,10.0,0.0,0.16063744016125023,0.1432469304229195,0.049386721006771,0.0024003386235281637
Heinz_Mann,Heinz_Mann,,0,0,10.0,0.0,0.15905013857394862,0.1431818181818182,0.03637871163726327,0.0013801910797715236
Gunter_Bardeleben,Gunter_Bardeleben,,0,26,8.0,0.05175664095972579,0.21985260770975135,0.19736842105263158,0.07576099862013629,0.0022308107193959323
Adolf_Pollak,Adolf_Pollak,,0,0,10.0,0.0,0.15905013857394862,0.1431818181818182,0.03637871163726327,0.0013801910797715236
Bernhard_Berenblum,Bernhard_Berenblum,,0,0,10.0,0.0,0.16063744016125023,0.1432469304229195,0.049386721006771,0.0024003386235281637
Heinz_Warschauer,Heinz_Warschauer,,0,0,10.0,0.0,0.15905013857394862,0.1431818181818182,0.03637871163726327,0.0013801910797715236
Ernst_Marx,Ernst_Marx,,0,0,10.0,0.0,0.15905013857394862,0.1431818181818182,0.03637871163726327,0.0013801910797715236
Rackenheim,Rackenheim,,0,0,10.0,0.0,0.15905013857394862,0.1431818181818182,0.03637871163726327,0.0013801910797715236
Willi_Holz_Ajax,Willi_Holz_Ajax,,0,0,10.0,0.0,0.16116654069035077,0.14331210191082802,0.051237485284252156,0.002408066379674061
Harry_Strauss,Harry_Strauss,,0,0,10.0,0.0,0.15905013857394862,0.1431818181818182,0.03637871163726327,0.0013801910797715236
Arthur_Otto_Frenckel,Arthur_Otto_Frenckel,,0,28,7.0,0.009566567673475005,0.2704081632653062,0.23684210526315788,0.31949388467931206,0.004235316856655067
Horace_A_Rothfels,Horace_A_Rothfels,,0,28,8.0,6.619825000287724E-4,0.2447808012093733,0.2129817444219067,0.28259550754866547,0.0026541553514198664
Sigmund_Sigi_Muenz,Sigmund_Sigi_Muenz,,0,18,8.0,0.0025651055289481594,0.22571050642479262,0.20682862770847013,0.07536386224705156,0.0019775456571965626
Henry_Barth,Henry_Barth,,0,28,8.0,0.01776075373517362,0.26391156462585097,0.23093841642228738,0.26551770767472005,0.0035260031238098562
Willi_Koenig,Willi_Koenig,,0,26,6.0,0.05146074451011218,0.3000000000000003,0.26515151515151514,0.43831510170046684,0.0035672207435688648
Robert_Fox,Robert_Fox,,0,18,10.0,0.0,0.1895301083396323,0.1765695067264574,0.021715183691536383,0.001257533750534885
Jack_G_Foa,Jack_G_Foa,,0,19,8.0,0.0,0.20930839002267576,0.19553072625698323,0.03820334425492944,0.0012157386056351263
Henry_Oelberg,Henry_Oelberg,,0,19,7.0,0.016584322341688364,0.27073318216175407,0.24286815728604472,0.2148896775636421,0.003780720320526852
L_Goldman,L_Goldman,,0,0,11.0,0.0,0.13658008658008675,0.12544802867383512,0.014858773646988866,0.0014401897550362385
Alex_Fisher,Alex_Fisher,,0,29,9.0,0.0,0.1816187956664151,0.16578947368421051,0.030844921731855695,0.0015264324241761103
Kurt_Breuer,Kurt_Breuer,,0,29,8.0,0.004139476633049898,0.22808012093726404,0.19861286254728877,0.17620134751826474,0.0026216357421247572
Hans_L_Falk,Hans_L_Falk,,0,52,8.0,0.0051208445938523035,0.2207029478458055,0.20012706480304956,0.06500244340086586,0.0021135582687550544
Ernest_L_Eliel,Ernest_L_Eliel,,0,4,8.0,0.036627512207271375,0.2646334089191238,0.2182952182952183,0.34062383445764344,0.010229637653855506
Gerhard_J_Haas,Gerhard_J_Haas,,0,4,9.0,0.008265770219497726,0.20486268581506725,0.17969195664575013,0.07503447639608439,0.00367276859844499
Martin_Rosenthal,Martin_Rosenthal,,0,4,9.0,0.0,0.20062988158226308,0.17928286852589642,0.06418209105233871,0.0012027860543773476
Martin_Ostwald,Martin_Ostwald,,0,18,8.0,0.013302137169548676,0.26803099017384785,0.23093841642228738,0.27901865160199263,0.003360123105577319
Klaus_Scheie,Klaus_Scheie,,0,4,9.0,0.0,0.20062988158226308,0.17928286852589642,0.06418209105233871,0.0012027860543773476
Walter_Kohn,Walter_Kohn,,0,4,9.0,0.011284120708680729,0.250776014109348,0.21784232365145229,0.24699981766354046,0.0034103801268359868
Ed_Lion,Ed_Lion,,0,4,9.0,0.0,0.20062988158226308,0.17928286852589642,0.06418209105233871,0.0012027860543773476
Walter_Michel,Walter_Michel,,0,4,9.0,1.1491222288137456E-4,0.23007306626354251,0.20038167938931298,0.17786848512814976,0.0026439270500086104
Heidenheim,Heidenheim,,0,4,9.0,0.0,0.20062988158226308,0.17928286852589642,0.06418209105233871,0.0012027860543773476
Franz_Spanier,Franz_Spanier,,0,4,9.0,0.0,0.20062988158226308,0.17928286852589642,0.06418209105233871,0.0012027860543773476
Alfred_Bader,Alfred_Bader,,0,18,7.0,0.031625677716609554,0.27433106575963784,0.2328159645232816,0.34725447455496994,0.006263709488708191
Edward_J_DeWath,Edward_J_DeWath,,0,28,9.0,0.02651100786952083,0.24259007306626376,0.2020525978191148,0.29114640739562725,0.010043169677506486
Robert_Baum,Robert_Baum,,0,28,9.0,0.0,0.21204207608969514,0.18475073313782991,0.14540319635428034,0.002064546198175562
Geo_Paul_Hirsch,Geo_Paul_Hirsch,,0,28,10.0,0.0,0.18736331569664955,0.16817939135077417,0.05491464602943701,0.0012659768704127575
Peter_J_Hurst,Peter_J_Hurst,,0,28,10.0,0.0,0.18736331569664955,0.16817939135077417,0.05491464602943701,0.0012659768704127575
Alex_Sasha_Jakerov,Alex_Sasha_Jakerov,,0,28,10.0,0.0,0.18736331569664955,0.16817939135077417,0.05491464602943701,0.0012659768704127575
Giuseppe_Levi,Giuseppe_Levi,,0,17,8.0,0.021741986435480608,0.2652040816326538,0.23367952522255192,0.26431927788698817,0.004319700411189749
John_H_Mosberg,John_H_Mosberg,,0,28,10.0,0.0,0.18736331569664955,0.16817939135077417,0.05491464602943701,0.0012659768704127575
Mile_Margoshes,Mile_Margoshes,,0,28,10.0,0.0,0.18736331569664955,0.16817939135077417,0.05491464602943701,0.0012659768704127575
Victor_Roth,Victor_Roth,,0,28,10.0,0.0,0.18736331569664955,0.16817939135077417,0.05491464602943701,0.0012659768704127575
Herbert_F_Schmelz,Herbert_F_Schmelz,,0,28,9.0,0.006213389580998832,0.2524124464600659,0.2125506072874494,0.34084541731749185,0.0035951292304702153
Ernst_R_Deutsch,Ernst_R_Deutsch,,0,10,7.0,0.04322476191807248,0.2927891156462587,0.24647887323943662,0.5052370386079261,0.0093137647051767
Henry_Heinz_Kreisel,Henry_Heinz_Kreisel,,0,18,8.0,0.01746129194530462,0.27140211640211703,0.23827534039334342,0.2844860978939885,0.0034033656158024114
Heinz_Ulrich_Loewenthal,Heinz_Ulrich_Loewenthal,,0,10,8.0,0.0,0.2183560090702953,0.1978643216080402,0.08797438901506556,0.0011320088928235266
Rudy_Kestler,Rudy_Kestler,,0,10,8.0,0.0017050386755745703,0.22047241118669736,0.19811320754716982,0.09846882489841514,0.002028786232914112
Rudy_Josephson,Rudy_Josephson,,0,10,8.0,0.0,0.2183560090702953,0.1978643216080402,0.08797438901506556,0.0011320088928235266
Peter_Fritz_Heller,Peter_Fritz_Heller,,0,10,8.0,0.006069291082144547,0.2450226757369622,0.21814404432132964,0.15738900788403004,0.0028193621530746464
Paul_Mandl,Paul_Mandl,,0,4,8.0,0.006494657687064254,0.2642328042328048,0.23127753303964757,0.2669928341670496,0.002559559300613412
Gideon_Rosenbleuth,Gideon_Rosenbleuth,,0,17,8.0,0.011657421632703415,0.2634656084656092,0.2326440177252585,0.2403571902504034,0.0026469016914736233
Walter_F_Hitschfeld,Walter_F_Hitschfeld,,0,10,7.0,3.092679956433171E-4,0.25353741496598714,0.22516082916368835,0.24925909532446053,0.0026758312984084386
Paul_Pfalzner,Paul_Pfalzner,,0,4,7.0,0.050465810685396455,0.2986545729402878,0.2556818181818182,0.5099638191148839,0.010218060857010563
Thomas_Cassirer,Thomas_Cassirer,,0,17,9.0,5.960533288988893E-4,0.24351221970269632,0.21739130434782608,0.18621034226901792,0.0024311802088684267
Paul_Hugo_Meyer,Paul_Hugo_Meyer,,0,17,9.0,0.02394682196955207,0.27207608969513747,0.23195876288659795,0.3550472304585287,0.005417920243161612
Wolfgang_Leppmann,Wolfgang_Leppmann,,0,17,8.0,0.003342643539894872,0.2510846560846565,0.21875,0.25165197009986023,0.0032599000749783825
Joachim_Jimmy_Lambek,Joachim_Jimmy_Lambek,,0,17,8.0,0.04269724190137243,0.29742630385487545,0.25609756097560976,0.46653963081740635,0.006289436925429862
Peter_Cahn,Peter_Cahn,,0,17,9.0,0.02086726961801115,0.25424918115394357,0.21875,0.22105793142209626,0.007564938706311514
Ernest_Poser,Ernest_Poser,,0,17,8.0,0.05094848998401318,0.2818178382464101,0.2423076923076923,0.31760506258432486,0.009085123697569962
Claude_Borchard,Claude_Borchard,,0,17,10.0,0.0,0.19655958679768223,0.17958950969213228,0.04353776554172763,0.0012160860755936137
Charles_Cahn,Charles_Cahn,,0,17,9.0,0.0010267526912771132,0.23396573444192564,0.20723684210526316,0.15346881285283653,0.0027148349839813367
Fred_Franklin,Fred_Franklin,,0,17,10.0,0.0,0.19655958679768223,0.17958950969213228,0.04353776554172763,0.0012160860755936137
Tony_Frisch,Tony_Frisch,,0,17,10.0,0.0,0.19655958679768223,0.17958950969213228,0.04353776554172763,0.0012160860755936137
Gerhard_Baum,Gerhard_Baum,,0,17,10.0,0.0,0.19655958679768223,0.17958950969213228,0.04353776554172763,0.0012160860755936137
Arno_Cahn,Arno_Cahn,,0,18,7.0,0.010645111814777633,0.26628873771730993,0.23093841642228738,0.3066598575955426,0.005482104666210007
Klaus_G_Scheye,Klaus_G_Scheye,,0,18,7.0,0.03218007879961613,0.2853287981859414,0.24609375,0.37341973185305066,0.006729583757817978
Edmund_Eddie_Klein,Edmund_Eddie_Klein,,0,18,8.0,0.0014808327918867756,0.23530234315948614,0.2090245520902455,0.1405979503350163,0.0019733794422167644
Armin_Drehsler,Armin_Drehsler,,0,18,8.0,0.0,0.20473544973544994,0.18772348033373062,0.0541980622931909,0.0011889494694369014
Arture_Vivante,Arture_Vivante,,0,18,8.0,0.0,0.20473544973544994,0.18772348033373062,0.0541980622931909,0.0011889494694369014
Werner_Buchholz,Werner_Buchholz,,0,10,9.0,0.004139476633049898,0.1815784832451501,0.1675531914893617,0.020098982617197537,0.0028115602529638745
Gerhard_Walter,Gerhard_Walter,,0,10,10.0,0.0,0.15233560090702983,0.14357338195077485,0.007021740890299383,0.001607150731414046
Walter_Brian,Walter_Brian,,0,26,8.0,0.004139476633049898,0.21069916855631213,0.19444444444444445,0.043809835712251576,0.002525859565943189
Erich_Reich,Erich_Reich,,0,26,9.0,0.0,0.17236583522297802,0.16287487073422957,0.01086169967408096,0.0014858591278081486
Wilhelm_Braun,Wilhelm_Braun,,0,18,7.0,0.052550723066839215,0.29272108843537475,0.24667188723570868,0.4794437624451804,0.01291995125615814
Robert_L_Kahn,Robert_L_Kahn,,0,18,8.0,0.0,0.2176492819349964,0.19798868636077938,0.08639988804182533,0.0011967444279135644
David_Lichtenstein,David_Lichtenstein,,0,18,8.0,0.0,0.2176492819349964,0.19798868636077938,0.08639988804182533,0.0011967444279135644
Schiffman,Schiffman,,0,18,8.0,0.0,0.2176492819349964,0.19798868636077938,0.08639988804182533,0.0011967444279135644
Jerry_Lewin,Jerry_Lewin,,0,18,8.0,0.0,0.2176492819349964,0.19798868636077938,0.08639988804182533,0.0011967444279135644
Fred_Veit,Fred_Veit,,0,18,8.0,0.0,0.22816326530612288,0.20335700451904454,0.14537137249862028,0.0020227928835584354
Albert_Schild,Albert_Schild,,0,18,8.0,0.025874796001353218,0.2563681027966748,0.2151639344262295,0.3159821092163285,0.008746444381500778
William_Zeev_Low,William_Zeev_Low,,0,18,8.0,0.008905001464819531,0.2486281179138328,0.21428571428571427,0.2307461447536515,0.0036893724354577794
Ulrich_Goldsmith,Ulrich_Goldsmith,,0,18,8.0,0.0,0.2176492819349964,0.19798868636077938,0.08639988804182533,0.0011967444279135644
Albert_Henry_Wolff,Albert_Henry_Wolff,,0,19,6.0,0.13216678080941655,0.3351322751322748,0.2949438202247191,0.7005047878817467,0.007904797485312257
Harry_Loewy,Harry_Loewy,,0,18,8.0,0.0,0.2176492819349964,0.19798868636077938,0.08639988804182533,0.0011967444279135644
Henry_Bramson,Henry_Bramson,,0,26,9.0,0.0,0.17129377676996757,0.15901060070671377,0.014372016625981667,0.0013641981255799402
Harold_Frye,Harold_Frye,,0,28,10.0,0.004139476633049898,0.18650163769211417,0.16981132075471697,0.029781882535151218,0.0027184727026601093
Otto_Beran,Otto_Beran,,0,28,11.0,0.0,0.15561613871137694,0.14522821576763487,0.007930745794045117,0.0015676668931064986
Fred_Shurman,Fred_Shurman,,0,28,9.0,0.008252587172895657,0.23096119929453332,0.20414776409591703,0.14638902446235227,0.002290926554968181
Joseph_Bachrach,Joseph_Bachrach,,0,17,9.0,0.007631383184082414,0.19317208364827432,0.17422566371681417,0.036313454213581293,0.0034561749638863117
Henry_Knepler,Henry_Knepler,,0,17,8.0,0.014482693351587956,0.23419879062736254,0.20944148936170212,0.09704346186993984,0.003018351813770673
Erich_Salm,Erich_Salm,,0,17,10.0,0.0,0.15935248173343447,0.14844486333647502,0.010776050200868267,0.0013915621972758578
Kurt_Rothschild,Kurt_Rothschild,,0,18,8.0,0.009231522730632883,0.24894935752078703,0.2219873150105708,0.16904998346307265,0.0027248992632544987
Klaus_Achaye,Klaus_Achaye,,0,18,8.0,0.0,0.20856764928193527,0.1889622075584883,0.06194950284992521,0.001172906833905228
Carl_Auberg,Carl_Auberg,,0,18,8.0,0.0,0.20856764928193527,0.1889622075584883,0.06194950284992521,0.001172906833905228
John_E_Bardach,John_E_Bardach,,0,17,9.0,0.011522681355586257,0.23207986898463145,0.20723684210526316,0.09193662913101923,0.004290685761758473
Weinberg,Weinberg,,0,17,10.0,0.0,0.18484001007810533,0.1717557251908397,0.020315922175294935,0.0013240878222409995
Norman_MacKenzie,Norman_MacKenzie,,0,17,10.0,0.0,0.18484001007810533,0.1717557251908397,0.020315922175294935,0.0013240878222409995
Alvin_Belitzer,Alvin_Belitzer,,0,38,8.0,0.028878954521628034,0.25183673469387824,0.22308781869688385,0.2554027539203422,0.004359703017410532
Franz_Kraemer,Franz_Kraemer,,0,38,8.0,0.003777546836672802,0.258427815570673,0.22826086956521738,0.24249119105171577,0.002671744248143901
Freddy_Grant,Freddy_Grant,,0,38,8.0,0.003777546836672802,0.258427815570673,0.22826086956521738,0.24249119105171577,0.002671744248143901
Helmut_Blume,Helmut_Blume,,0,38,7.0,0.06543162685775694,0.31085411942554797,0.2734375,0.5266837652282019,0.004826983663051508
John_Hans_Newmark,John_Hans_Newmark,,0,29,7.0,0.035466166077883755,0.29170068027210905,0.2590460526315789,0.38177643785578524,0.005018641891731176
Frederick_E_Bergmann,Frederick_E_Bergmann,,0,26,7.0,0.09029107266917288,0.2715721844293276,0.2408256880733945,0.19726756998068878,0.007005503357796539
Henry_Theilheimer,Henry_Theilheimer,,0,36,8.0,0.023882990101103636,0.23404383975812632,0.2112676056338028,0.07964795711650266,0.004285213208174005
Bernard_L_Bick,Bernard_L_Bick,,0,26,8.0,0.01513082303591548,0.22378684807256313,0.20270270270270271,0.06487865225094347,0.0045647598883214
G_Weissenberg,G_Weissenberg,,0,26,7.0,0.0,0.25173091458805774,0.23110785033015407,0.13921179828918118,0.002021157810650149
Lee_L_Willcott,Lee_L_Willcott,,0,26,8.0,0.0,0.20858276643990994,0.1942046855733662,0.03938228698287302,0.00126293409475811
Gerald_Steinhart,Gerald_Steinhart,,0,26,9.0,0.0,0.17979465860418237,0.16862955032119914,0.016217149466281555,0.0013823651793719925
Fred_B_Hirschfeld,Fred_B_Hirschfeld,,0,26,9.0,0.0,0.17979465860418237,0.16862955032119914,0.016217149466281555,0.0013823651793719925
Max_Gamper,Max_Gamper,,0,26,8.0,0.009857729772699123,0.21080498866213182,0.1889622075584883,0.06330487997140151,0.003359673107159633
J_Biberfeld,J_Biberfeld,,0,27,8.0,0.01956796387684269,0.25809901738473207,0.22548317823908376,0.2153903374304484,0.006892891369422936
J_Schild,J_Schild,,0,27,9.0,0.0,0.19976316452506965,0.18410286382232613,0.04114899111937091,0.0012492906350954555
I_Gottesman,I_Gottesman,,0,27,9.0,0.0,0.19976316452506965,0.18410286382232613,0.04114899111937091,0.0012492906350954555
Julius_Pfeiffer,Julius_Pfeiffer,,0,27,8.0,0.0,0.24106953892668218,0.21590130226182316,0.15562661834649555,0.0020107487171546912
Martin_Guggenheim,Martin_Guggenheim,,0,27,9.0,1.280952694834443E-4,0.20187956664147175,0.18431831480397892,0.06465129524900418,0.002133479386466388
K_Arnfeld,K_Arnfeld,,0,27,9.0,0.0,0.19976316452506965,0.18410286382232613,0.04114899111937091,0.0012492906350954555
Victor_Bloch,Victor_Bloch,,0,17,9.0,0.018319357295622504,0.2631985386747296,0.22661870503597123,0.27577396416521655,0.0059831057124083075
George_Borchard,George_Borchard,,0,17,9.0,0.0059305457907342695,0.25328168304358833,0.22151898734177214,0.23472985878861932,0.002596448049959262
Terry_Frisch,Terry_Frisch,,0,17,10.0,0.0,0.20263668430335133,0.18485915492957747,0.05034505398977793,0.0011388350889462023
Fred_Haither,Fred_Haither,,0,17,10.0,0.0,0.20263668430335133,0.18485915492957747,0.05034505398977793,0.0011388350889462023
John_H_Blueth,John_H_Blueth,,0,28,8.0,0.08005764219530231,0.31343537414965955,0.25547445255474455,0.8277985926332463,0.014465261929543055
Hans_Adam,Hans_Adam,,0,28,8.0,0.010211838828399508,0.2440967498110362,0.21240728253540123,0.243318845619132,0.002886027115204428
William_Bayreuther,William_Bayreuther,,0,28,9.0,0.0,0.22805114638448037,0.20361990950226244,0.13845827866830718,0.0011355741169953842
Charles_Baer,Charles_Baer,,0,28,9.0,0.0,0.22805114638448037,0.20361990950226244,0.13845827866830718,0.0011355741169953842
Arthur_Bloch,Arthur_Bloch,,0,28,9.0,0.0,0.22805114638448037,0.20361990950226244,0.13845827866830718,0.0011355741169953842
Eric_Dahl,Eric_Dahl,,0,28,9.0,0.0,0.22805114638448037,0.20361990950226244,0.13845827866830718,0.0011355741169953842
Walter_H_Klinkhoff,Walter_H_Klinkhoff,,0,19,7.0,0.009849770874993218,0.274308390022676,0.24881516587677724,0.25421982382985225,0.0018074640791375847
Peter_J_Kunstler,Peter_J_Kunstler,,0,28,8.0,0.03577762169855658,0.27246787603930483,0.22120786516853932,0.5162096626867947,0.012213359020044714
Max_Stern,Max_Stern,,0,17,7.0,0.04402521664136021,0.3055102040816327,0.2696917808219178,0.4934916037304047,0.003971522933346884
Hans_Zadek,Hans_Zadek,,0,27,8.0,0.0,0.25150037792894975,0.22120786516853932,0.25293590589543186,0.0018970321990546197
Walter_Marczak,Walter_Marczak,,0,29,8.0,0.004840521755688847,0.26068405139833767,0.2226148409893993,0.30754785022237385,0.002047344741576977
Walter_Bluger,Walter_Bluger,,0,52,7.0,0.07181893608628821,0.2757671957671962,0.22167487684729065,0.4603538674968935,0.023905190383125906
Eddie_Smarac,Eddie_Smarac,,0,52,8.0,0.0,0.2037868480725622,0.18155619596541786,0.09054691950317166,0.0013801386219083884
Fred_Silzer,Fred_Silzer,,0,52,8.0,0.0,0.2037868480725622,0.18155619596541786,0.09054691950317166,0.0013801386219083884
Kurt_Eisenhammer,Kurt_Eisenhammer,,0,52,8.0,0.0,0.2037868480725622,0.18155619596541786,0.09054691950317166,0.0013801386219083884
William_Antmann,William_Antmann,,0,52,8.0,0.0,0.2037868480725622,0.18155619596541786,0.09054691950317166,0.0013801386219083884
Richard_Hoff,Richard_Hoff,,0,52,7.0,0.037229867189329253,0.27210128495842784,0.23863636363636365,0.251072912481108,0.003900256258354294
Hans_Eckers,Hans_Eckers,,0,52,8.0,0.0,0.2037868480725622,0.18155619596541786,0.09054691950317166,0.0013801386219083884
Ernest_Guter,Ernest_Guter,,0,52,8.0,0.0,0.2037868480725622,0.18155619596541786,0.09054691950317166,0.0013801386219083884
H_Nathan,H_Nathan,,0,26,7.0,0.013959584384737626,0.26183673469387764,0.23454951600893523,0.1903764308094798,0.002138362337800428
Shiftan,Shiftan,,0,52,8.0,0.0,0.2037868480725622,0.18155619596541786,0.09054691950317166,0.0013801386219083884
Heinz_Wilczyk,Heinz_Wilczyk,,0,52,8.0,0.0,0.2037868480725622,0.18155619596541786,0.09054691950317166,0.0013801386219083884
Henry_Heinzmann,Henry_Heinzmann,,0,52,8.0,0.0,0.2037868480725622,0.18155619596541786,0.09054691950317166,0.0013801386219083884
Frohmann,Frohmann,,0,52,8.0,0.0,0.2037868480725622,0.18155619596541786,0.09054691950317166,0.0013801386219083884
Perles,Perles,,0,52,8.0,0.0,0.2037868480725622,0.18155619596541786,0.09054691950317166,0.0013801386219083884
A_J_Frost,A_J_Frost,,0,27,8.0,0.019515507343270837,0.256844293272865,0.2237215909090909,0.20502454673029633,0.002141596703967624
Walter_Spielmann,Walter_Spielmann,,0,52,8.0,0.0,0.2037868480725622,0.18155619596541786,0.09054691950317166,0.0013801386219083884
Ludwig_Shern,Ludwig_Shern,,0,52,8.0,0.0,0.2037868480725622,0.18155619596541786,0.09054691950317166,0.0013801386219083884
Anton_Tony_Differing,Anton_Tony_Differing,,0,38,8.0,0.01878864421379747,0.246934996220711,0.21905424200278165,0.1727657585809378,0.0021335288396732957
Orgel,Orgel,,0,52,8.0,0.0,0.2037868480725622,0.18155619596541786,0.09054691950317166,0.0013801386219083884
Martin_Levi,Martin_Levi,,0,52,8.0,0.0,0.2037868480725622,0.18155619596541786,0.09054691950317166,0.0013801386219083884
Walter_Weiss,Walter_Weiss,,0,52,8.0,0.0,0.2037868480725622,0.18155619596541786,0.09054691950317166,0.0013801386219083884
Kurt_Wangenheim,Kurt_Wangenheim,,0,52,8.0,0.0,0.2037868480725622,0.18155619596541786,0.09054691950317166,0.0013801386219083884
Henry_Kieve,Henry_Kieve,,0,18,9.0,0.011528353791682289,0.23938145628621882,0.21428571428571427,0.10235981710436617,0.004971801432921709
Leo_Klag,Leo_Klag,,0,18,8.0,0.004138134787235047,0.24487150415721887,0.21951219512195122,0.1361928109186611,0.0020189918325941207
E_Bracken,E_Bracken,,0,18,10.0,0.0,0.18953010833963232,0.1765695067264574,0.021715183691536383,0.001257533750534885
Terry_Eisinger,Terry_Eisinger,,0,4,8.0,7.3556943846173E-4,0.2559826152683302,0.227765726681128,0.24058764697675092,0.0026377360152655396
Leo_Loebenberg,Leo_Loebenberg,,0,28,9.0,0.0,0.2043083900226759,0.1812428078250863,0.09048855032484335,0.0012108837828965057
Gerald_Ascher,Gerald_Ascher,,0,28,9.0,0.0,0.2043083900226759,0.1812428078250863,0.09048855032484335,0.0012108837828965057
Guido_Colm,Guido_Colm,,0,28,9.0,0.0,0.2043083900226759,0.1812428078250863,0.09048855032484335,0.0012108837828965057
Jack_Hahn,Jack_Hahn,,0,28,9.0,0.0,0.2043083900226759,0.1812428078250863,0.09048855032484335,0.0012108837828965057
Erwin_Bamberger,Erwin_Bamberger,,0,28,9.0,0.0,0.2043083900226759,0.1812428078250863,0.09048855032484335,0.0012108837828965057
Thola_Theilhaber,Thola_Theilhaber,,0,29,8.0,0.01019830355151062,0.2556311413454275,0.21694214876033058,0.27959739455077515,0.002956006346765432
Hans_Lindner,Hans_Lindner,,0,28,9.0,0.0,0.2043083900226759,0.1812428078250863,0.09048855032484335,0.0012108837828965057
Rusty_Kester,Rusty_Kester,,0,10,8.0,0.0068449517510225325,0.22470521541950164,0.19861286254728877,0.13316988961224935,0.003931851155353751
Helmut_M_Kallmann,Helmut_M_Kallmann,,0,10,7.0,0.002815940751475646,0.24052154195011388,0.21664374140302614,0.15704290524205528,0.0019821289047017975
Henry_G_Heinz_Wolowicz_Walton,Henry_G_Heinz_Wolowicz_Walton,,0,10,9.0,1.7577395469426315E-5,0.1817649281935,0.16596417281348788,0.04462875928494783,0.0021100710346595368
Henry_Kester,Henry_Kester,,0,10,9.0,0.0,0.17964852607709786,0.16578947368421051,0.02578526848326828,0.0012478335665508866
E_Egon_Kenton,E_Egon_Kenton,,0,17,11.0,0.0,0.1581583407773889,0.14733395696913001,0.011540942295978246,0.0014181452621126445
Fred_Hans_Kaufman,Fred_Hans_Kaufman,,0,38,9.0,0.02463911409926834,0.2096132527084912,0.1837806301050175,0.08515298973973136,0.008552813080399223
John_Kalisch,John_Kalisch,,0,38,10.0,0.0,0.16833963214915612,0.15532544378698224,0.021516299076467984,0.0014509385214383935
Ernst_Gruenwald,Ernst_Gruenwald,,0,38,10.0,0.0,0.16833963214915612,0.15532544378698224,0.021516299076467984,0.0014509385214383935
Josef_Wasservogel,Josef_Wasservogel,,0,38,10.0,0.0,0.16833963214915612,0.15532544378698224,0.021516299076467984,0.0014509385214383935
Ernst_Wasservogel,Ernst_Wasservogel,,0,38,10.0,0.0,0.16833963214915612,0.15532544378698224,0.021516299076467984,0.0014509385214383935
Hugo_Ebner,Hugo_Ebner,,0,38,10.0,0.0,0.16833963214915612,0.15532544378698224,0.021516299076467984,0.0014509385214383935
Lawrence_Mautner,Lawrence_Mautner,,0,38,10.0,0.0,0.16833963214915612,0.15532544378698224,0.021516299076467984,0.0014509385214383935
Josef_Kates,Josef_Kates,,0,36,9.0,0.038487462924876446,0.24628243890148716,0.21070234113712374,0.17531222728845502,0.009325261304980483
James_B_Russel,James_B_Russel,,0,36,10.0,0.0,0.19135676492819365,0.17412935323383086,0.036193067671249024,0.0014032784834561358
Werner_Daltrop,Werner_Daltrop,,0,36,10.0,0.0,0.19135676492819365,0.17412935323383086,0.036193067671249024,0.0014032784834561358
Rudy_Cohen,Rudy_Cohen,,0,36,10.0,0.0,0.19135676492819365,0.17412935323383086,0.036193067671249024,0.0014032784834561358
Henry_Fliess,Henry_Fliess,,0,36,10.0,0.0,0.19135676492819365,0.17412935323383086,0.036193067671249024,0.0014032784834561358
George_Rose,George_Rose,,0,36,10.0,0.0,0.19135676492819365,0.17412935323383086,0.036193067671249024,0.0014032784834561358
Gerry_Jerry_Kandor,Gerry_Jerry_Kandor,,0,36,9.0,0.011679347501969622,0.20207482993197284,0.1814516129032258,0.05130327885668965,0.002461790792768679
Sim_Lash,Sim_Lash,,0,36,10.0,0.0,0.19135676492819365,0.17412935323383086,0.036193067671249024,0.0014032784834561358
Kurt_Levy,Kurt_Levy,,0,4,8.0,0.08410793641734267,0.3098979591836736,0.2599009900990099,0.6379878029802973,0.010876393188392654
Marten_Huepeden,Marten_Huepeden,,0,38,9.0,0.004139476633049898,0.1887402368354752,0.17269736842105263,0.030010350512163587,0.0025885484543342894
John_Maynard,John_Maynard,,0,38,10.0,0.0,0.15719324766943837,0.14733395696913001,0.008184369854076444,0.001512502383429864
Ernest_Oestreicher,Ernest_Oestreicher,,0,38,8.0,0.00941567429999306,0.23486772486772564,0.20833333333333334,0.1396991083642794,0.0031436843600948306
Peter_Neurath,Peter_Neurath,,0,10,7.0,0.0,0.2384051398337118,0.21590130226182316,0.17390639414636783,0.0019047653413832078
Peter_Haridge,Peter_Haridge,,0,10,6.0,0.12047433200392291,0.32714285714285707,0.27486910994764396,0.7620493480918279,0.014686057257212438
Carl_H_Amberg,Carl_H_Amberg,,0,4,7.0,0.004865573824442718,0.25504913076341723,0.22727272727272727,0.20143104621716104,0.0018630390228843135
Bernard_Pfundt,Bernard_Pfundt,,0,26,7.0,0.0,0.26680272108843534,0.24249422632794457,0.23108714806509525,0.0019048335091766512
Hans_Reiche,Hans_Reiche,,0,26,6.0,0.17575860392676237,0.3320105820105816,0.29085872576177285,0.581840646637828,0.010703459753412102
William_Troller,William_Troller,,0,10,7.0,0.012051058108503232,0.264648526077098,0.23402674591381872,0.23863148551183858,0.0038112113644363866
Frederick_Fritz_Bender,Frederick_Fritz_Bender,,0,10,7.0,0.038771959882395596,0.28325774754346195,0.24960380348652933,0.303747993193232,0.0037510990420808544
N_Haring,N_Haring,,0,10,7.0,0.0,0.23681783824641023,0.21575342465753425,0.1312576367587871,0.0011466097932846123
Klaus_Luenstroth,Klaus_Luenstroth,,0,10,7.0,0.0,0.23681783824641023,0.21575342465753425,0.1312576367587871,0.0011466097932846123
John_Faulkner,John_Faulkner,,0,10,7.0,0.0,0.23681783824641023,0.21575342465753425,0.1312576367587871,0.0011466097932846123
Walter_Samish,Walter_Samish,,0,10,7.0,0.0,0.23681783824641023,0.21575342465753425,0.1312576367587871,0.0011466097932846123
Pater_Anton_Ummenhofer,Pater_Anton_Ummenhofer,,0,10,7.0,0.016478808252587174,0.2452834467120187,0.21694214876033058,0.16197647542473534,0.0060390024024193365
Robert_S_Herald,Robert_S_Herald,,0,36,8.0,0.01838252084742098,0.19174603174603208,0.16999460334592553,0.046012168792156756,0.007470228764155895
Eric_Exton,Eric_Exton,,0,36,9.0,0.011279809220287762,0.19634416729654824,0.17907902217168845,0.03345309645767891,0.00238154113116686
Herbert_Lang,Herbert_Lang,,0,36,9.0,0.0,0.1566465104560344,0.14536225196123673,0.015110211185440665,0.0014708267644462448
Walter_Homburger,Walter_Homburger,,0,36,9.0,0.0,0.1566465104560344,0.14536225196123673,0.015110211185440665,0.0014708267644462448
Edward_Eddie_Weil,Edward_Eddie_Weil,,0,36,9.0,0.0,0.1566465104560344,0.14536225196123673,0.015110211185440665,0.0014708267644462448
Herbert_Lowe,Herbert_Lowe,,0,36,9.0,0.0,0.1566465104560344,0.14536225196123673,0.015110211185440665,0.0014708267644462448
Eric_Newman,Eric_Newman,,0,10,9.0,0.0,0.19332325522801727,0.17918088737201365,0.028642393776435605,0.001211135369727599
Dieter_Heidenleiry,Dieter_Heidenleiry,,0,38,8.0,0.002822233464906985,0.21907407407407423,0.20076481835564053,0.07424530178690784,0.003057245450370236
Gary_Jacobson,Gary_Jacobson,,0,38,8.0,0.0011630871270974096,0.23195767195767275,0.20778364116094986,0.13151473851020293,0.0020434964317986677
Gerry_Waldston,Gerry_Waldston,,0,38,7.0,0.02064634594197575,0.2514134542705973,0.22842639593908629,0.12725894083298653,0.0031267460299647817
William_S_Hecksher,William_S_Hecksher,,0,4,9.0,0.004139476633049898,0.20941546989166074,0.1875,0.07522461652690855,0.0023157869968975712
Hermann_Bondi,Hermann_Bondi,,0,4,10.0,0.0,0.1665016376921141,0.15239477503628446,0.016728582762620195,0.0014529312675400819
Phil_Glasser,Phil_Glasser,,0,4,10.0,0.0,0.1665016376921141,0.15239477503628446,0.016728582762620195,0.0014529312675400819
Henry_Gurau,Henry_Gurau,,0,17,10.0,0.009647576074311309,0.1920357772738725,0.17269736842105263,0.03615820515791608,0.004733317045310444
Rolf_Kenton,Rolf_Kenton,,0,17,9.0,0.010123766550501782,0.217918871252205,0.19638403990024939,0.07112693561730923,0.0021903735366878663
Fred_Drucker,Fred_Drucker,,0,17,11.0,0.0,0.15815834077738894,0.14733395696913001,0.011540942295978246,0.0014181452621126445
Michael_Guggenheim,Michael_Guggenheim,,0,27,8.0,0.001498824892141088,0.2357180650037796,0.21169354838709678,0.12824301392855855,0.0020805290018762117
Harry_Gruenberg,Harry_Gruenberg,,0,10,8.0,0.0164656252059851,0.22330309901738546,0.20089285714285715,0.07048108787894052,0.004861256300037032
L'yril_Greenslate,L'yril_Greenslate,,0,10,9.0,0.0,0.17946208112874798,0.16737513283740701,0.01620082674525704,0.0014454004535964138
Richard_Goldstein,Richard_Goldstein,,0,10,9.0,0.0,0.17946208112874798,0.16737513283740701,0.01620082674525704,0.0014454004535964138
Vlrich_Goldschmidt,Vlrich_Goldschmidt,,0,4,10.0,0.0,0.17055807508188495,0.1579739217652959,0.015575687004445352,0.0013965284287790233
Fritz_Rothberge,Fritz_Rothberge,,0,17,9.0,0.0,0.22298311917359562,0.20401554404145078,0.0788676265428934,0.0010805619281323883
Victor_Booth,Victor_Booth,,0,17,9.0,0.0,0.20514865205341423,0.18953068592057762,0.04592652613053423,0.001146667754285078
Erich_Kruh,Erich_Kruh,,0,4,9.0,0.0,0.2280057949105575,0.20642201834862386,0.10884503569361002,0.0011234356333238854
Fred_Grunz,Fred_Grunz,,0,4,9.0,0.0,0.2280057949105575,0.20642201834862386,0.10884503569361002,0.0011234356333238854
Wolfgang_Hermann,Wolfgang_Hermann,,0,4,9.0,0.0,0.2280057949105575,0.20642201834862386,0.10884503569361002,0.0011234356333238854
Ernest_Martin_Oppenheimer,Ernest_Martin_Oppenheimer,,0,4,8.0,0.02802682803066284,0.27441798941798984,0.23026315789473684,0.38545581216856456,0.00927150198045321
G_L_Ted_Nashman,G_L_Ted_Nashman,,0,38,7.0,0.07495072888741582,0.3108012093726382,0.25947281713344317,0.6879060174956343,0.01259806247122699
Walter_Somers,Walter_Somers,,0,38,8.0,0.0,0.22783068783068872,0.206151832460733,0.11574734028457667,0.0011772144964335546
Edward_Schnitzer,Edward_Schnitzer,,0,38,8.0,0.0,0.22783068783068872,0.206151832460733,0.11574734028457667,0.0011772144964335546
Helmut_Hans_Pokorny,Helmut_Hans_Pokorny,,0,29,7.0,0.09759793158745117,0.31718065003779344,0.24725274725274726,1.0,0.02896014999661168
Henry_Hirschfeld,Henry_Hirschfeld,,0,38,8.0,0.0,0.2493235071806505,0.21649484536082475,0.2848369118386434,0.0020889851210151474
Colonel_Swinton,Colonel_Swinton,,0,38,8.0,0.0,0.22783068783068872,0.206151832460733,0.11574734028457667,0.0011772144964335546
Oscar_Cahen,Oscar_Cahen,,0,38,8.0,0.0,0.22783068783068872,0.206151832460733,0.11574734028457667,0.0011772144964335546
Justin_Loeb,Justin_Loeb,,0,38,8.0,0.0,0.22783068783068872,0.206151832460733,0.11574734028457667,0.0011772144964335546
Reimar_Noeg,Reimar_Noeg,,0,10,8.0,0.0,0.19252078609221482,0.1783691959229898,0.031248394280589103,0.0014389667260985084
Willi_Amtmann,Willi_Amtmann,,0,19,7.0,0.005787293310221193,0.2610279667422529,0.2373775433308214,0.18593495461991905,0.0018006336468756033
Fritz_F_E_Kuhn,Fritz_F_E_Kuhn,,0,4,9.0,0.0,0.20729906777525856,0.1872770511296076,0.07017340945837386,0.0011287436847334026
Peter_Fuld,Peter_Fuld,,0,4,8.0,0.0013498241261737408,0.2329780801209378,0.20682862770847013,0.1361248989521504,0.0018437599341209194
Bruno_Weinberg,Bruno_Weinberg,,0,4,9.0,0.0,0.20729906777525856,0.1872770511296076,0.07017340945837386,0.0011287436847334026
Gergard_Tauber,Gergard_Tauber,,0,4,8.0,0.0,0.222430083144369,0.203751617076326,0.08822962666570376,0.001201903071043794
Rolf_Hoechster,Rolf_Hoechster,,0,4,8.0,0.0,0.222430083144369,0.203751617076326,0.08822962666570376,0.001201903071043794
Wolfgang_Andruau,Wolfgang_Andruau,,0,4,8.0,0.0,0.222430083144369,0.203751617076326,0.08822962666570376,0.001201903071043794
Bernd_Weinberg,Bernd_Weinberg,,0,4,8.0,0.0,0.222430083144369,0.203751617076326,0.08822962666570376,0.001201903071043794
Alfred_Schild,Alfred_Schild,,0,4,8.0,0.0,0.222430083144369,0.203751617076326,0.08822962666570376,0.001201903071043794
Victor_Bunzl,Victor_Bunzl,,0,4,8.0,0.0,0.222430083144369,0.203751617076326,0.08822962666570376,0.001201903071043794
Henry_Willi_Rosenthal,Henry_Willi_Rosenthal,,0,27,8.0,0.017695329227858388,0.2728004535147396,0.2326440177252585,0.34135783537459957,0.0028495202270348106
Alfred_Weiss,Alfred_Weiss,,0,29,8.0,0.0,0.22596371882086194,0.19836272040302266,0.1690895715540668,0.001324085079715294
Harold_Friedlander,Harold_Friedlander,,0,29,8.0,0.0,0.22596371882086194,0.19836272040302266,0.1690895715540668,0.001324085079715294
Fred_Baum,Fred_Baum,,0,29,8.0,0.0,0.22596371882086194,0.19836272040302266,0.1690895715540668,0.001324085079715294
Karl_Bachrach,Karl_Bachrach,,0,29,8.0,0.0,0.22596371882086194,0.19836272040302266,0.1690895715540668,0.001324085079715294
George_Liebel,George_Liebel,,0,29,8.0,0.0,0.22596371882086194,0.19836272040302266,0.1690895715540668,0.001324085079715294
Kurt_Weihs,Kurt_Weihs,,0,29,8.0,0.0,0.22596371882086194,0.19836272040302266,0.1690895715540668,0.001324085079715294
Toni_Oberleitner,Toni_Oberleitner,,0,29,8.0,0.0,0.22596371882086194,0.19836272040302266,0.1690895715540668,0.001324085079715294
Manual_Saxenberg,Manual_Saxenberg,,0,29,8.0,0.0,0.22596371882086194,0.19836272040302266,0.1690895715540668,0.001324085079715294
Georg_Grischkat,Georg_Grischkat,,0,29,8.0,0.0,0.22596371882086194,0.19836272040302266,0.1690895715540668,0.001324085079715294
Gerhard_Buxbaum,Gerhard_Buxbaum,,0,29,8.0,0.0,0.22596371882086194,0.19836272040302266,0.1690895715540668,0.001324085079715294
Klaus_Walter_Hahn,Klaus_Walter_Hahn,,0,29,8.0,0.0,0.22596371882086194,0.19836272040302266,0.1690895715540668,0.001324085079715294
Ted_Nachmann,Ted_Nachmann,,0,29,8.0,0.0,0.22596371882086194,0.19836272040302266,0.1690895715540668,0.001324085079715294
Walter_Smoszever,Walter_Smoszever,,0,29,8.0,0.0,0.22596371882086194,0.19836272040302266,0.1690895715540668,0.001324085079715294
Sigmun_Ackermann,Sigmun_Ackermann,,0,29,8.0,0.0,0.22596371882086194,0.19836272040302266,0.1690895715540668,0.001324085079715294
Anker_Jackeroff,Anker_Jackeroff,,0,29,8.0,0.0,0.22596371882086194,0.19836272040302266,0.1690895715540668,0.001324085079715294
Nickolas_Mueller,Nickolas_Mueller,,0,29,8.0,0.0,0.22596371882086194,0.19836272040302266,0.1690895715540668,0.001324085079715294
Gunther_Schimkovitz,Gunther_Schimkovitz,,0,29,8.0,0.0,0.22596371882086194,0.19836272040302266,0.1690895715540668,0.001324085079715294
Frank_Moessner,Frank_Moessner,,0,29,8.0,0.0,0.22596371882086194,0.19836272040302266,0.1690895715540668,0.001324085079715294
Baby_Stench,Baby_Stench,,0,29,8.0,0.0,0.22596371882086194,0.19836272040302266,0.1690895715540668,0.001324085079715294
Henry_Meier,Henry_Meier,,0,29,8.0,0.0,0.22596371882086194,0.19836272040302266,0.1690895715540668,0.001324085079715294
Gunther_Erlich,Gunther_Erlich,,0,17,9.0,0.0,0.21299823633157014,0.19516728624535315,0.05958599332133097,0.0011845427297089229
R_Bergmann,R_Bergmann,,0,17,9.0,0.0,0.21299823633157014,0.19516728624535315,0.05958599332133097,0.0011845427297089229
J_Wald,J_Wald,,0,17,9.0,0.0,0.21299823633157014,0.19516728624535315,0.05958599332133097,0.0011845427297089229
Max_Propp,Max_Propp,,0,29,8.0,0.004139476633049898,0.22314436885865524,0.206151832460733,0.06899952753448774,0.002307270165091943
Kaspar_Naegele,Kaspar_Naegele,,0,29,9.0,0.0,0.18081128747795427,0.17100977198697068,0.013757946096498549,0.001392891805167331
H_Baer,H_Baer,,0,26,7.0,0.0,0.24252456538170844,0.22548317823908376,0.09982951130630828,0.0011705381710257403
P_Freed,P_Freed,,0,26,7.0,0.0,0.24252456538170844,0.22548317823908376,0.09982951130630828,0.0011705381710257403
F_Wolff,F_Wolff,,0,26,7.0,0.0,0.24252456538170844,0.22548317823908376,0.09982951130630828,0.0011705381710257403
Walter_Nussbaum,Walter_Nussbaum,,0,18,10.0,0.0,0.16904761904761936,0.15426052889324193,0.023425269405105892,0.0013183016282615181
Peter_Oberling,Peter_Oberling,,0,18,8.0,0.0,0.21565003779289538,0.19761606022584693,0.06595148949377659,0.001127330704521218
Erwin_Schild,Erwin_Schild,,0,18,9.0,0.0,0.1964638447971787,0.17716535433070865,0.058971484456795044,0.0012383629107785724
A_Pappenheim,A_Pappenheim,,0,18,9.0,0.0,0.1964638447971787,0.17716535433070865,0.058971484456795044,0.0012383629107785724
Sam_Nussbaum,Sam_Nussbaum,,0,18,9.0,0.0,0.1964638447971787,0.17716535433070865,0.058971484456795044,0.0012383629107785724
Bernard_Kipper,Bernard_Kipper,,0,18,9.0,0.0,0.1964638447971787,0.17716535433070865,0.058971484456795044,0.0012383629107785724
Oscar_Schonhard,Oscar_Schonhard,,0,52,8.0,0.0,0.1828382464096749,0.1706392199349946,0.018884579209565055,0.0013642632074132737
Lutz_Winnicki,Lutz_Winnicki,,0,52,7.0,0.01807001719598121,0.2292743764172344,0.2056135770234987,0.07950198356853647,0.005598974539278993
Edgar_Strauss,Edgar_Strauss,,0,27,7.0,0.09948870181527356,0.3211413454270597,0.26785714285714285,0.663220662262591,0.014332554407282977
Leonhard_Spanier,Leonhard_Spanier,,0,27,8.0,0.0,0.23360166288737746,0.21140939597315436,0.11447762722712475,0.0011737725371929368
Paul_Katz,Paul_Katz,,0,27,8.0,0.0,0.23360166288737746,0.21140939597315436,0.11447762722712475,0.0011737725371929368
Eric_Wagner,Eric_Wagner,,0,27,8.0,0.0,0.23360166288737746,0.21140939597315436,0.11447762722712475,0.0011737725371929368
Willie_Mandl,Willie_Mandl,,0,27,8.0,0.0,0.23360166288737746,0.21140939597315436,0.11447762722712475,0.0011737725371929368
Fackenheim,Fackenheim,,0,36,7.0,0.013453479923719218,0.24704459561602457,0.2232459248759745,0.1328205124993629,0.0020844869039135525
Gerald_E_Tauber,Gerald_E_Tauber,,0,18,9.0,0.008265770219497726,0.20939279415469947,0.18229166666666666,0.11416676018625226,0.004263458378900103
Ernie_Meyer,Ernie_Meyer,,0,18,10.0,0.0,0.16904761904761936,0.15426052889324193,0.023425269405105892,0.0013183016282615181
Frank_Klein,Frank_Klein,,0,36,9.0,0.0,0.18645754598135547,0.1745152354570637,0.018342885272238235,0.0013230288218543166
Frederic_L_Torrington,Frederic_L_Torrington,,0,38,7.0,0.042937828853188295,0.2985260770975059,0.26184538653366585,0.4859916790044225,0.008862942428154955
Walter_Jacobi,Walter_Jacobi,,0,38,8.0,0.0,0.2237188208616786,0.20764667106130522,0.08221883907776616,0.0011657046728986084
Adolf_Mueller,Adolf_Mueller,,0,38,8.0,0.0,0.2237188208616786,0.20764667106130522,0.08221883907776616,0.0011657046728986084
Alec_Horak,Alec_Horak,,0,38,8.0,0.0,0.2237188208616786,0.20764667106130522,0.08221883907776616,0.0011657046728986084
Bablierer,Bablierer,,0,38,8.0,0.0,0.2237188208616786,0.20764667106130522,0.08221883907776616,0.0011657046728986084
Joe_Hellmann,Joe_Hellmann,,0,10,8.0,0.0,0.2051473922902495,0.1897590361445783,0.041811902462063205,0.0012222596234079952
Hildebrando_Antoniutti,Hildebrando_Antoniutti,,0,10,8.0,0.0,0.19252078609221482,0.1783691959229898,0.031248394280589103,0.0014389667260985084
P_Onesimus_Eggert,P_Onesimus_Eggert,,0,10,8.0,0.0,0.19252078609221482,0.1783691959229898,0.031248394280589103,0.0014389667260985084
Laienbrudger_Erich_Laaser,Laienbrudger_Erich_Laaser,,0,10,8.0,0.0,0.19252078609221482,0.1783691959229898,0.031248394280589103,0.0014389667260985084
Philipp_F_Veit,Philipp_F_Veit,,0,18,8.0,0.0,0.2176492819349964,0.19798868636077938,0.08639988804182533,0.0011967444279135644
Fred_Wallach,Fred_Wallach,,0,19,8.0,0.011015842673940363,0.2585752078609224,0.23093841642228738,0.1676357266723667,0.004192789297396687
Leo_Berhanqitz,Leo_Berhanqitz,,0,19,9.0,0.0,0.2017246157722354,0.18772348033373062,0.031162397651109935,0.0013032465884511087
Paul_Batiste,Paul_Batiste,,0,19,9.0,0.0,0.2017246157722354,0.18772348033373062,0.031162397651109935,0.0013032465884511087
Albert_Springer,Albert_Springer,,0,52,8.0,0.0,0.1828382464096749,0.1706392199349946,0.018884579209565055,0.0013642632074132737
A_Martin_Wise,A_Martin_Wise,,0,52,8.0,0.004139476633049898,0.184954648526077,0.17082429501084598,0.022881642527232786,0.0026845515063938907
J_Zoehrer,J_Zoehrer,,0,52,9.0,0.0,0.1546422272612754,0.1459684893419833,0.0076213522343592565,0.0015531117554031639
Thomas_P_Wright,Thomas_P_Wright,,0,38,8.0,0.012378880759343484,0.20435752078609265,0.18672199170124482,0.03919721414213874,0.0051284362819461575
O_B_Hirschfeld,O_B_Hirschfeld,,0,38,9.0,0.0,0.16712018140589563,0.15742128935532235,0.01166203130105196,0.0015022403787076297
Herbert_Wertheim,Herbert_Wertheim,,0,38,9.0,0.0,0.16712018140589563,0.15742128935532235,0.01166203130105196,0.0015022403787076297
Brian_B_Zwerling,Brian_B_Zwerling,,0,38,9.0,0.0,0.16712018140589563,0.15742128935532235,0.01166203130105196,0.0015022403787076297
Lothar_S_Sander,Lothar_S_Sander,,0,29,8.0,0.0045234386073160415,0.24297808012093772,0.22012578616352202,0.11211968042568204,0.001960808047771767
